seed,seat,agent,opponent,money,opp_money,won,status,turns,wall_s,unit_turns,effective_rate,move_share,harvested_units,milk_harvested,wool_harvested,milk_revenue,wool_revenue,milk_floor,wool_floor,animal_count,fertilizer_collected,unsold_units,unsold_milk,unsold_wool,drought_deaths,animals_escaped,shed_overflow,latency_p99_ms,n_errors
0,0,B2,A_diversified,51533.0,32164.0,1,DONE,719,26.573,4853,0.9468,0.5768,646,104,90,22186,9816,0,20,5,156,19,1,0,2,1,3,10.0019,0
0,1,A_diversified,B2,32164.0,51533.0,0,DONE,719,26.573,4025,0.9451,0.5722,532,55,42,12268,2317,0,14,5,122,55,0,0,1,4,17,6.5651,0
0,0,B2,D_premium_crop,61592.0,34681.0,1,DONE,719,29.481,4853,0.9472,0.578,640,102,90,21567,20130,0,0,5,155,10,0,0,2,1,3,11.5686,0
0,1,D_premium_crop,B2,34681.0,61592.0,0,DONE,719,29.481,5495,0.5578,0.4084,168,0,0,0,0,0,0,0,0,4,0,0,13,0,0,9.47,0
0,0,B2,C_goose_wheat,57303.0,28606.0,1,DONE,719,28.842,4853,0.9472,0.578,640,102,90,21567,20130,0,0,5,155,10,0,0,2,1,3,10.9612,0
0,1,C_goose_wheat,B2,28606.0,57303.0,0,DONE,719,28.842,4853,0.9289,0.5724,741,0,0,0,0,0,0,4,109,4,0,0,2,0,0,9.1875,0
0,0,B2,reference,57303.0,28606.0,1,DONE,719,39.984,4853,0.9472,0.578,640,102,90,21567,20130,0,0,5,155,10,0,0,2,1,3,22.8686,0
0,1,reference,B2,28606.0,57303.0,0,DONE,719,39.984,4853,0.9289,0.5724,741,0,0,0,0,0,0,4,109,4,0,0,2,0,0,16.5957,0
0,0,A_diversified,B2,32174.0,51533.0,0,DONE,719,29.504,4025,0.9436,0.5712,532,55,42,12268,2317,0,14,5,122,55,0,0,1,4,17,10.9427,0
0,1,B2,A_diversified,51533.0,32174.0,1,DONE,719,29.504,4853,0.9468,0.5768,646,104,90,22186,9816,0,20,5,156,19,1,0,2,1,3,8.3475,0
0,0,D_premium_crop,B2,34681.0,61592.0,0,DONE,719,25.682,5495,0.5578,0.4084,168,0,0,0,0,0,0,0,0,4,0,0,13,0,0,5.2177,0
0,1,B2,D_premium_crop,61592.0,34681.0,1,DONE,719,25.682,4853,0.9472,0.578,640,102,90,21567,20130,0,0,5,155,10,0,0,2,1,3,6.8712,0
0,0,C_goose_wheat,B2,28606.0,57303.0,0,DONE,719,31.139,4853,0.9289,0.5724,741,0,0,0,0,0,0,4,109,4,0,0,2,0,0,13.3199,0
0,1,B2,C_goose_wheat,57303.0,28606.0,1,DONE,719,31.139,4853,0.9472,0.578,640,102,90,21567,20130,0,0,5,155,10,0,0,2,1,3,10.7159,0
0,0,reference,B2,28606.0,57303.0,0,DONE,719,36.946,4853,0.9289,0.5724,741,0,0,0,0,0,0,4,109,4,0,0,2,0,0,12.2447,0
0,1,B2,reference,57303.0,28606.0,1,DONE,719,36.946,4853,0.9472,0.578,640,102,90,21567,20130,0,0,5,155,10,0,0,2,1,3,12.3767,0
1,0,B2,A_diversified,60123.0,37717.0,1,DONE,719,31.638,4853,0.9472,0.578,640,102,90,23500,19327,0,0,5,155,10,0,0,2,1,3,11.7018,0
1,1,A_diversified,B2,37717.0,60123.0,0,DONE,719,31.638,4025,0.9456,0.5727,532,55,42,12817,9372,0,0,5,122,55,0,0,1,4,17,8.1416,0
1,0,B2,D_premium_crop,66256.0,34947.0,1,DONE,719,27.202,4853,0.9472,0.578,640,102,90,24789,20463,0,0,5,155,10,0,0,2,1,3,9.3656,0
1,1,D_premium_crop,B2,34947.0,66256.0,0,DONE,719,27.202,5495,0.5551,0.4045,168,0,0,0,0,0,0,0,0,6,0,0,13,0,0,5.6934,0
1,0,B2,C_goose_wheat,61128.0,25728.0,1,DONE,719,26.188,4853,0.9472,0.578,640,102,90,25537,20161,0,0,5,155,10,0,0,2,1,3,11.5446,0
1,1,C_goose_wheat,B2,25728.0,61128.0,0,DONE,719,26.188,4853,0.9289,0.5724,741,0,0,0,0,0,0,4,109,4,0,0,2,0,0,7.505,0
1,0,B2,reference,61128.0,25728.0,1,DONE,719,44.303,4853,0.9472,0.578,640,102,90,25537,20161,0,0,5,155,10,0,0,2,1,3,21.9572,0
1,1,reference,B2,25728.0,61128.0,0,DONE,719,44.303,4853,0.9289,0.5724,741,0,0,0,0,0,0,4,109,4,0,0,2,0,0,13.827,0
1,0,A_diversified,B2,37717.0,60123.0,0,DONE,719,25.695,4025,0.9456,0.5727,532,55,42,12817,9372,0,0,5,122,55,0,0,1,4,17,7.0093,0
1,1,B2,A_diversified,60123.0,37717.0,1,DONE,719,25.695,4853,0.9472,0.578,640,102,90,23500,19327,0,0,5,155,10,0,0,2,1,3,6.6985,0
1,0,D_premium_crop,B2,34947.0,66256.0,0,DONE,719,29.931,5495,0.5551,0.4045,168,0,0,0,0,0,0,0,0,6,0,0,13,0,0,8.4251,0
1,1,B2,D_premium_crop,66256.0,34947.0,1,DONE,719,29.931,4853,0.9472,0.578,640,102,90,24789,20463,0,0,5,155,10,0,0,2,1,3,11.2504,0
1,0,C_goose_wheat,B2,25728.0,61128.0,0,DONE,719,32.985,4853,0.9289,0.5724,741,0,0,0,0,0,0,4,109,4,0,0,2,0,0,11.2858,0
1,1,B2,C_goose_wheat,61128.0,25728.0,1,DONE,719,32.985,4853,0.9472,0.578,640,102,90,25537,20161,0,0,5,155,10,0,0,2,1,3,9.5284,0
1,0,reference,B2,25728.0,61128.0,0,DONE,719,45.549,4853,0.9289,0.5724,741,0,0,0,0,0,0,4,109,4,0,0,2,0,0,13.8931,0
1,1,B2,reference,61128.0,25728.0,1,DONE,719,45.549,4853,0.9472,0.578,640,102,90,25537,20161,0,0,5,155,10,0,0,2,1,3,18.0983,0
2,0,B2,A_diversified,62221.0,39454.0,1,DONE,719,30.076,4853,0.9468,0.5782,640,102,90,21995,21239,0,0,5,155,34,0,0,2,1,3,9.6631,0
2,1,A_diversified,B2,39454.0,62221.0,0,DONE,719,30.076,4025,0.9448,0.5722,532,55,42,11935,10297,0,0,5,122,55,0,0,1,4,17,8.2917,0
2,0,B2,D_premium_crop,56816.0,32653.0,1,DONE,719,30.008,4853,0.9468,0.5782,640,102,90,15719,22253,0,0,5,155,34,0,0,2,1,3,11.9857,0
2,1,D_premium_crop,B2,32653.0,56816.0,0,DONE,719,30.008,5495,0.5605,0.4102,168,0,0,0,0,0,0,0,0,4,0,0,13,0,0,6.8509,0
2,0,B2,C_goose_wheat,48437.0,24894.0,1,DONE,719,27.424,4853,0.9468,0.5782,640,102,90,10944,22322,0,0,5,155,34,0,0,2,1,3,13.149,0
2,1,C_goose_wheat,B2,24894.0,48437.0,0,DONE,719,27.424,4853,0.9289,0.5724,741,0,0,0,0,0,0,4,109,4,0,0,2,0,0,7.2342,0
2,0,B2,reference,48437.0,24894.0,1,DONE,719,39.753,4853,0.9468,0.5782,640,102,90,10944,22322,0,0,5,155,34,0,0,2,1,3,18.437,0
2,1,reference,B2,24894.0,48437.0,0,DONE,719,39.753,4853,0.9289,0.5724,741,0,0,0,0,0,0,4,109,4,0,0,2,0,0,14.1385,0
2,0,A_diversified,B2,39443.0,62044.0,0,DONE,719,27.409,4025,0.9448,0.5722,532,55,42,11935,10297,0,0,5,122,55,0,0,1,4,17,5.9474,0
2,1,B2,A_diversified,62044.0,39443.0,1,DONE,719,27.409,4853,0.947,0.5774,644,102,90,21995,21239,0,0,5,155,7,0,0,2,1,3,8.4953,0
2,0,D_premium_crop,B2,32653.0,56480.0,0,DONE,719,27.68,5495,0.5605,0.41,168,0,0,0,0,0,0,0,0,4,0,0,13,0,0,6.9612,0
2,1,B2,D_premium_crop,56480.0,32653.0,1,DONE,719,27.68,4853,0.9472,0.578,640,102,90,15719,22253,0,0,5,155,10,0,0,2,1,3,9.9612,0
2,0,C_goose_wheat,B2,25434.0,48237.0,0,DONE,719,22.458,4853,0.9287,0.5712,744,0,0,0,0,0,0,4,110,23,0,0,2,0,0,5.527,0
2,1,B2,C_goose_wheat,48237.0,25434.0,1,DONE,719,22.458,4853,0.9472,0.578,640,102,90,10944,22322,0,0,5,155,10,0,0,2,1,3,6.0946,0
2,0,reference,B2,25434.0,48237.0,0,DONE,719,34.449,4853,0.9287,0.5712,744,0,0,0,0,0,0,4,110,23,0,0,2,0,0,9.599,0
2,1,B2,reference,48237.0,25434.0,1,DONE,719,34.449,4853,0.9472,0.578,640,102,90,10944,22322,0,0,5,155,10,0,0,2,1,3,12.1804,0
3,0,B2,A_diversified,64198.0,40191.0,1,DONE,719,31.999,4853,0.9472,0.578,640,102,90,23817,21720,0,0,5,155,10,0,0,2,1,3,10.9321,0
3,1,A_diversified,B2,40191.0,64198.0,0,DONE,719,31.999,4025,0.9443,0.5719,532,55,42,12930,10366,0,0,5,122,55,0,0,1,4,17,8.7768,0
3,0,B2,D_premium_crop,59508.0,35821.0,1,DONE,719,25.225,4853,0.9472,0.578,640,102,90,17099,21469,0,0,5,155,10,0,0,2,1,3,10.9779,0
3,1,D_premium_crop,B2,35821.0,59508.0,0,DONE,719,25.225,5495,0.5578,0.4084,168,0,0,0,0,0,0,0,0,4,0,0,13,0,0,5.5266,0
3,0,B2,C_goose_wheat,44317.0,31095.0,1,DONE,719,38.136,4853,0.9468,0.5768,646,104,90,14482,12321,0,2,5,156,19,1,0,2,1,3,15.0343,0
3,1,C_goose_wheat,B2,31095.0,44317.0,0,DONE,719,38.136,4853,0.9289,0.5724,741,0,0,0,0,0,0,4,109,4,0,0,2,0,0,14.3711,0
3,0,B2,reference,44317.0,31095.0,1,DONE,719,39.345,4853,0.9468,0.5768,646,104,90,14482,12321,0,2,5,156,19,1,0,2,1,3,20.6784,0
3,1,reference,B2,31095.0,44317.0,0,DONE,719,39.345,4853,0.9289,0.5724,741,0,0,0,0,0,0,4,109,4,0,0,2,0,0,17.6217,0
3,0,A_diversified,B2,40191.0,64198.0,0,DONE,719,34.724,4025,0.9443,0.5719,532,55,42,12930,10366,0,0,5,122,55,0,0,1,4,17,13.6142,0
3,1,B2,A_diversified,64198.0,40191.0,1,DONE,719,34.724,4853,0.9472,0.578,640,102,90,23817,21720,0,0,5,155,10,0,0,2,1,3,13.5573,0
3,0,D_premium_crop,B2,35821.0,59508.0,0,DONE,719,29.128,5495,0.5578,0.4084,168,0,0,0,0,0,0,0,0,4,0,0,13,0,0,7.428,0
3,1,B2,D_premium_crop,59508.0,35821.0,1,DONE,719,29.128,4853,0.9472,0.578,640,102,90,17099,21469,0,0,5,155,10,0,0,2,1,3,9.4062,0
3,0,C_goose_wheat,B2,31095.0,44317.0,0,DONE,719,32.661,4853,0.9289,0.5724,741,0,0,0,0,0,0,4,109,4,0,0,2,0,0,10.7235,0
3,1,B2,C_goose_wheat,44317.0,31095.0,1,DONE,719,32.661,4853,0.9468,0.5768,646,104,90,14482,12321,0,2,5,156,19,1,0,2,1,3,12.7739,0
3,0,reference,B2,31095.0,44317.0,0,DONE,719,35.203,4853,0.9289,0.5724,741,0,0,0,0,0,0,4,109,4,0,0,2,0,0,11.0857,0
3,1,B2,reference,44317.0,31095.0,1,DONE,719,35.203,4853,0.9468,0.5768,646,104,90,14482,12321,0,2,5,156,19,1,0,2,1,3,8.1243,0
4,0,B2,A_diversified,60087.0,37947.0,1,DONE,719,30.158,4853,0.9472,0.578,640,102,90,21499,19970,0,0,5,155,10,0,0,2,1,3,14.7975,0
4,1,A_diversified,B2,37947.0,60087.0,0,DONE,719,30.158,4025,0.9491,0.5749,532,55,42,11189,9772,0,0,5,123,55,0,0,1,4,17,9.8274,0
4,0,B2,D_premium_crop,63288.0,34467.0,1,DONE,719,22.665,4853,0.9472,0.578,640,102,90,22725,20130,0,0,5,155,10,0,0,2,1,3,5.4595,0
4,1,D_premium_crop,B2,34467.0,63288.0,0,DONE,719,22.665,5495,0.5576,0.4067,168,0,0,0,0,0,0,0,0,6,0,0,13,0,0,4.4133,0
4,0,B2,C_goose_wheat,58148.0,27797.0,1,DONE,719,31.748,4853,0.9472,0.578,640,102,90,22725,20130,0,0,5,155,10,0,0,2,1,3,16.2435,0
4,1,C_goose_wheat,B2,27797.0,58148.0,0,DONE,719,31.748,4853,0.9238,0.564,745,0,0,0,0,0,0,4,113,12,0,0,2,0,0,10.4228,0
4,0,B2,reference,58148.0,27797.0,1,DONE,719,35.711,4853,0.9472,0.578,640,102,90,22725,20130,0,0,5,155,10,0,0,2,1,3,12.9368,0
4,1,reference,B2,27797.0,58148.0,0,DONE,719,35.711,4853,0.9238,0.564,745,0,0,0,0,0,0,4,113,12,0,0,2,0,0,11.2399,0
4,0,A_diversified,B2,37947.0,60087.0,0,DONE,719,32.143,4025,0.9491,0.5749,532,55,42,11189,9772,0,0,5,123,55,0,0,1,4,17,12.7291,0
4,1,B2,A_diversified,60087.0,37947.0,1,DONE,719,32.143,4853,0.9472,0.578,640,102,90,21499,19970,0,0,5,155,10,0,0,2,1,3,13.9292,0
4,0,D_premium_crop,B2,34467.0,63288.0,0,DONE,719,30.196,5495,0.5576,0.4067,168,0,0,0,0,0,0,0,0,6,0,0,13,0,0,8.6649,0
4,1,B2,D_premium_crop,63288.0,34467.0,1,DONE,719,30.196,4853,0.9472,0.578,640,102,90,22725,20130,0,0,5,155,10,0,0,2,1,3,9.3139,0
4,0,C_goose_wheat,B2,27334.0,58124.0,0,DONE,719,35.7,4853,0.9283,0.5702,739,0,0,0,0,0,0,4,112,22,0,0,3,0,0,16.301,0
4,1,B2,C_goose_wheat,58124.0,27334.0,1,DONE,719,35.7,4853,0.9472,0.5778,640,102,90,22725,20130,0,0,5,155,10,0,0,2,1,3,12.8282,0
4,0,reference,B2,27334.0,58124.0,0,DONE,719,31.468,4853,0.9283,0.5702,739,0,0,0,0,0,0,4,112,22,0,0,3,0,0,11.2131,0
4,1,B2,reference,58124.0,27334.0,1,DONE,719,31.468,4853,0.9472,0.5778,640,102,90,22725,20130,0,0,5,155,10,0,0,2,1,3,13.5185,0
5,0,B2,A_diversified,44819.0,27220.0,1,DONE,719,31.317,4853,0.9472,0.578,640,102,90,7507,20134,4,0,5,155,10,0,0,2,1,3,13.438,0
5,1,A_diversified,B2,27220.0,44819.0,0,DONE,719,31.317,4025,0.9545,0.5796,527,54,42,2891,8760,0,0,5,125,10,0,0,2,4,9,7.9478,0
5,0,B2,D_premium_crop,55974.0,36815.0,1,DONE,719,26.059,4853,0.9472,0.578,640,102,90,18507,16417,0,0,5,155,10,0,0,2,1,3,9.9522,0
5,1,D_premium_crop,B2,36815.0,55974.0,0,DONE,719,26.059,5495,0.5551,0.4045,168,0,0,0,0,0,0,0,0,6,0,0,13,0,0,4.8796,0
5,0,B2,C_goose_wheat,57169.0,28869.0,1,DONE,719,48.219,4853,0.9472,0.578,640,102,90,24762,16417,0,0,5,155,10,0,0,2,1,3,28.1183,0
5,1,C_goose_wheat,B2,28869.0,57169.0,0,DONE,719,48.219,4853,0.9289,0.5724,741,0,0,0,0,0,0,4,109,4,0,0,2,0,0,16.8552,0
5,0,B2,reference,57169.0,28869.0,1,DONE,719,33.057,4853,0.9472,0.578,640,102,90,24762,16417,0,0,5,155,10,0,0,2,1,3,14.7194,0
5,1,reference,B2,28869.0,57169.0,0,DONE,719,33.057,4853,0.9289,0.5724,741,0,0,0,0,0,0,4,109,4,0,0,2,0,0,17.7505,0
5,0,A_diversified,B2,27220.0,44819.0,0,DONE,719,30.759,4025,0.9545,0.5796,527,54,42,2891,8760,0,0,5,125,10,0,0,2,4,9,8.8823,0
5,1,B2,A_diversified,44819.0,27220.0,1,DONE,719,30.759,4853,0.9472,0.578,640,102,90,7507,20134,4,0,5,155,10,0,0,2,1,3,9.0957,0
5,0,D_premium_crop,B2,36815.0,55974.0,0,DONE,719,33.508,5495,0.5551,0.4045,168,0,0,0,0,0,0,0,0,6,0,0,13,0,0,9.5328,0
5,1,B2,D_premium_crop,55974.0,36815.0,1,DONE,719,33.508,4853,0.9472,0.578,640,102,90,18507,16417,0,0,5,155,10,0,0,2,1,3,9.4025,0
5,0,C_goose_wheat,B2,28869.0,57169.0,0,DONE,719,46.73,4853,0.9289,0.5724,741,0,0,0,0,0,0,4,109,4,0,0,2,0,0,20.4769,0
5,1,B2,C_goose_wheat,57169.0,28869.0,1,DONE,719,46.73,4853,0.9472,0.578,640,102,90,24762,16417,0,0,5,155,10,0,0,2,1,3,16.302,0
5,0,reference,B2,28869.0,57169.0,0,DONE,719,32.463,4853,0.9289,0.5724,741,0,0,0,0,0,0,4,109,4,0,0,2,0,0,11.9629,0
5,1,B2,reference,57169.0,28869.0,1,DONE,719,32.463,4853,0.9472,0.578,640,102,90,24762,16417,0,0,5,155,10,0,0,2,1,3,11.5923,0
6,0,B2,A_diversified,54047.0,33435.0,1,DONE,719,33.148,4853,0.9468,0.5768,646,104,90,24214,9816,0,20,5,156,19,1,0,2,1,3,16.0432,0
6,1,A_diversified,B2,33435.0,54047.0,0,DONE,719,33.148,4025,0.9448,0.5722,532,55,42,12744,2317,0,14,5,122,55,0,0,1,4,17,10.5822,0
6,0,B2,D_premium_crop,59078.0,34928.0,1,DONE,719,27.294,4853,0.9472,0.578,640,102,90,21610,20130,0,0,5,155,10,0,0,2,1,3,8.9966,0
6,1,D_premium_crop,B2,34928.0,59078.0,0,DONE,719,27.294,5495,0.5583,0.4091,168,0,0,0,0,0,0,0,0,4,0,0,13,0,0,6.7874,0
6,0,B2,C_goose_wheat,46629.0,24794.0,1,DONE,719,48.577,4853,0.9472,0.578,640,102,90,9941,21757,0,0,5,155,10,0,0,2,1,3,28.862,0
6,1,C_goose_wheat,B2,24794.0,46629.0,0,DONE,719,48.577,4853,0.9289,0.5724,741,0,0,0,0,0,0,4,109,4,0,0,2,0,0,16.2118,0
6,0,B2,reference,46629.0,24794.0,1,DONE,719,31.68,4853,0.9472,0.578,640,102,90,9941,21757,0,0,5,155,10,0,0,2,1,3,13.8756,0
6,1,reference,B2,24794.0,46629.0,0,DONE,719,31.68,4853,0.9289,0.5724,741,0,0,0,0,0,0,4,109,4,0,0,2,0,0,7.1919,0
6,0,A_diversified,B2,33435.0,54047.0,0,DONE,719,25.388,4025,0.9448,0.5722,532,55,42,12744,2317,0,14,5,122,55,0,0,1,4,17,12.1494,0
6,1,B2,A_diversified,54047.0,33435.0,1,DONE,719,25.388,4853,0.9468,0.5768,646,104,90,24214,9816,0,20,5,156,19,1,0,2,1,3,13.4233,0
6,0,D_premium_crop,B2,34928.0,59078.0,0,DONE,719,29.866,5495,0.5578,0.4087,168,0,0,0,0,0,0,0,0,4,0,0,13,0,0,8.2021,0
6,1,B2,D_premium_crop,59078.0,34928.0,1,DONE,719,29.866,4853,0.9472,0.5786,640,102,90,21610,20130,0,0,5,155,10,0,0,2,1,3,9.9362,0
6,0,C_goose_wheat,B2,24794.0,46629.0,0,DONE,719,42.76,4853,0.9289,0.5724,741,0,0,0,0,0,0,4,109,4,0,0,2,0,0,16.2112,0
6,1,B2,C_goose_wheat,46629.0,24794.0,1,DONE,719,42.76,4853,0.9472,0.578,640,102,90,9941,21757,0,0,5,155,10,0,0,2,1,3,27.0713,0
6,0,reference,B2,24794.0,46629.0,0,DONE,719,32.937,4853,0.9289,0.5724,741,0,0,0,0,0,0,4,109,4,0,0,2,0,0,15.1712,0
6,1,B2,reference,46629.0,24794.0,1,DONE,719,32.937,4853,0.9472,0.578,640,102,90,9941,21757,0,0,5,155,10,0,0,2,1,3,16.7483,0
7,0,B2,A_diversified,44741.0,26564.0,1,DONE,719,34.065,4853,0.9472,0.578,640,102,90,7054,21863,23,0,5,155,10,0,0,2,1,3,16.7751,0
7,1,A_diversified,B2,26564.0,44741.0,0,DONE,719,34.065,4025,0.9434,0.5749,515,54,42,2438,10432,8,0,3,123,23,0,0,2,6,29,10.4619,0
7,0,B2,D_premium_crop,64058.0,36810.0,1,DONE,719,31.166,4853,0.9472,0.578,640,102,90,23412,20926,0,0,5,155,10,0,0,2,1,3,10.2558,0
7,1,D_premium_crop,B2,36810.0,64058.0,0,DONE,719,31.166,5495,0.5551,0.4045,168,0,0,0,0,0,0,0,0,6,0,0,13,0,0,6.654,0
7,0,B2,C_goose_wheat,62175.0,25430.0,1,DONE,719,36.727,4853,0.9472,0.578,640,102,90,26303,20926,0,0,5,155,10,0,0,2,1,3,13.8753,0
7,1,C_goose_wheat,B2,25430.0,62175.0,0,DONE,719,36.727,4853,0.9289,0.5724,741,0,0,0,0,0,0,4,109,4,0,0,2,0,0,10.4134,0
7,0,B2,reference,62175.0,25430.0,1,DONE,719,32.597,4853,0.9472,0.578,640,102,90,26303,20926,0,0,5,155,10,0,0,2,1,3,25.5588,0
7,1,reference,B2,25430.0,62175.0,0,DONE,719,32.597,4853,0.9289,0.5724,741,0,0,0,0,0,0,4,109,4,0,0,2,0,0,14.4352,0
7,0,A_diversified,B2,27113.0,44826.0,0,DONE,719,28.543,4025,0.9431,0.5707,519,54,42,2442,10423,7,0,4,128,25,0,0,0,5,25,8.271,0
7,1,B2,A_diversified,44826.0,27113.0,1,DONE,719,28.543,4853,0.9472,0.578,640,102,90,7058,21854,22,0,5,155,10,0,0,2,1,3,10.8319,0
7,0,D_premium_crop,B2,36810.0,64058.0,0,DONE,719,34.383,5495,0.5551,0.4045,168,0,0,0,0,0,0,0,0,6,0,0,13,0,0,9.8644,0
7,1,B2,D_premium_crop,64058.0,36810.0,1,DONE,719,34.383,4853,0.9472,0.578,640,102,90,23412,20926,0,0,5,155,10,0,0,2,1,3,10.7238,0
7,0,C_goose_wheat,B2,25430.0,62175.0,0,DONE,719,34.679,4853,0.9289,0.5724,741,0,0,0,0,0,0,4,109,4,0,0,2,0,0,12.8683,0
7,1,B2,C_goose_wheat,62175.0,25430.0,1,DONE,719,34.679,4853,0.9472,0.578,640,102,90,26303,20926,0,0,5,155,10,0,0,2,1,3,15.1067,0
7,0,reference,B2,25430.0,62175.0,0,DONE,719,22.618,4853,0.9289,0.5724,741,0,0,0,0,0,0,4,109,4,0,0,2,0,0,11.1054,0
7,1,B2,reference,62175.0,25430.0,1,DONE,719,22.618,4853,0.9472,0.578,640,102,90,26303,20926,0,0,5,155,10,0,0,2,1,3,10.6512,0
